Date,US,Alabama,Alaska,Arizona,Arkansas,California,Colorado,Connecticut,Delaware,DC,Florida,Georgia,Hawaii,Idaho,Illinois,Indiana,Iowa,Kansas,Kentucky,Louisiana,Maine,Maryland,Massachusetts,Michigan,Minnesota,Mississippi,Missouri,Montana,Nebraska,Nevada,New_Hampshire,New_Jersey,New_Mexico,New_York,North_Carolina,North_Dakota,Ohio,Oklahoma,Oregon,Pennsylvania,Rhode_Island,South_Carolina,South_Dakota,Tennessee,Texas,Utah,Vermont,Virginia,Washington,West_Virginia,Wisconsin,Wyoming,U.S. Natural Gas Total Consumption (MMcf),U.S. Natural Gas Lease and Plant Fuel Consumption (MMcf),U.S. Natural Gas Pipeline & Distribution Use (MMcf),Natural Gas Delivered to Consumers in the U.S. (MMcf),U.S. Natural Gas Residential Consumption (MMcf),Natural Gas Deliveries to Commercial Consumers (Including Vehicle Fuel through 1996) in the U.S. (MMcf),U.S. Natural Gas Industrial Consumption (MMcf),U.S. Natural Gas Vehicle Fuel Consumption (MMcf),U.S. Natural Gas Deliveries to Electric Power Consumers (MMcf),U.S. Natural Gas Wellhead Price ,Price of U.S. Natural Gas Imports,U.S. Natural Gas Pipeline Imports Price,Price of U.S. Natural Gas LNG Imports ,Price of U.S. Natural Gas Exports,Price of U.S. Natural Gas Pipeline Exports ,Price of Liquefied U.S. Natural Gas Exports,U.S. Natural Gas Citygate Price,U.S. Price of Natural Gas Delivered to Residential Consumers,U.S. Price of Natural Gas Sold to Commercial Consumers,United States Natural Gas Industrial Price,U.S. Natural Gas Electric Power Price,U.S. Natural Gas Gross Withdrawals (MMcf),U.S. Natural Gas Gross Withdrawals from Gas Wells (MMcf),U.S. Natural Gas Gross Withdrawals from Oil Wells (MMcf),U.S. Natural Gas Gross Withdrawals from Shale Gas (MMcf),U.S. Natural Gas Gross Withdrawals from Coalbed Wells (MMcf),U.S. Natural Gas Repressuring (MMcf),U.S. Nonhydrocarbon Gases Removed from Natural Gas (MMcf),U.S. Natural Gas Vented and Flared (MMcf),U.S. Natural Gas Marketed Production (MMcf),U.S. Natural Gas Plant Liquids Production (MMcf),U.S. Dry Natural Gas Production (MMcf),U.S. Total Natural Gas Underground Storage Capacity (MMcf),U.S. Natural Gas Underground Storage Volume (MMcf),U.S. Total Natural Gas in Underground Storage (Base Gas) (MMcf),U.S. Total Natural Gas in Underground Storage (Working Gas) (MMcf),U.S. Total Natural Gas Injections into Underground Storage (MMcf),U.S. Natural  Gas Underground Storage Withdrawals (MMcf),U.S. Natural Gas Underground Storage Net Withdrawals (MMcf)
2007-01-01,11.18,15.6,7.84,12.19,9.96,9.99,7.96,12.58,12.98,14.51,12.85,12.5,25.49,10.86,9.68,9.81,9.94,11.46,11.27,11.98,14.87,13.17,16.14,10.07,10.39,10.74,11.44,9.37,9.43,12.08,14.95,11.38,10.25,12.09,12.73,8.36,11.94,10.1,12.42,12.44,13.8,13.78,9.18,12.24,9.16,8.25,12.22,12.21,12.54,13.36,10.37,8.16,2475594.0,100343.0,67439.0,2306943.0,803075,431711,621914.0,2094.0,448149.0,5.7,6.5,6.52,6.38,6.58,6.62,6.08,7.88,12.17,11.18,7.36,7.08,2042882.0,1208647.0,495368.0,169026.0,169842.0,323929.0,55318.0,11165.0,1652470,76119,1576351.0,8287550.0,6599227.0,4216333.0,2382895.0,56863.0,740117.0,683254.0
2007-02-01,11.22,14.44,7.8,12.65,9.18,10.57,8.67,12.16,13.66,14.3,13.18,12.6,26.3,10.87,9.8,9.57,10.14,11.7,9.81,12.04,15.15,12.2,15.0,9.8,10.59,11.8,11.24,9.37,8.97,12.0,15.35,11.45,9.81,12.39,12.23,8.64,11.78,10.16,12.52,12.53,14.13,13.84,9.11,11.89,8.65,8.19,12.15,12.07,12.79,13.36,10.67,8.04,2566993.0,91902.0,70273.0,2403778.0,899461,477253,599687.0,1891.0,425485.0,6.8,7.39,7.37,7.54,7.35,7.49,5.91,8.57,12.13,11.22,8.25,8.18,1878003.0,1109144.0,462784.0,152669.0,153405.0,305232.0,48838.0,10473.0,1513461,69716,1443745.0,8282150.0,5867298.0,4215728.0,1651569.0,50536.0,782391.0,731856.0
2007-03-01,11.79,14.79,7.84,12.65,9.53,10.47,8.82,12.31,16.54,14.33,13.67,12.79,26.27,10.75,10.07,12.15,10.62,11.93,10.22,12.33,15.09,13.14,15.97,10.17,10.85,11.94,11.5,9.8,9.48,11.88,16.29,14.63,10.17,12.77,12.69,9.36,12.14,10.39,12.73,12.93,14.6,13.88,10.03,12.39,9.68,8.43,12.21,11.88,12.79,13.02,10.69,8.39,2128845.0,103417.0,57526.0,1967388.0,616531,354274,578474.0,2094.0,416015.0,6.65,7.45,7.43,7.53,7.33,7.42,5.85,8.79,12.81,11.79,8.42,7.64,2094555.0,1256526.0,499160.0,169026.0,169842.0,323291.0,55329.0,12849.0,1703085,78451,1624634.0,8317150.0,5849891.0,4246889.0,1603002.0,219347.0,269760.0,50413.0
2007-04-01,11.5,15.61,7.63,12.83,10.18,10.21,7.91,12.19,16.57,13.93,13.94,13.41,26.63,10.95,10.84,10.78,9.97,12.95,10.14,12.2,15.14,12.04,16.43,10.08,9.94,11.31,12.03,9.84,9.58,12.12,17.61,11.91,10.3,12.15,12.34,8.58,11.58,11.87,12.72,12.6,14.78,13.47,9.06,11.9,9.97,8.29,12.45,11.63,12.86,13.6,10.33,7.74,1810079.0,98777.0,48595.0,1662412.0,407708,259849,539684.0,2026.0,453144.0,6.26,7.24,7.24,7.22,7.41,7.53,5.86,8.2,13.31,11.5,8.14,7.77,1994942.0,1197836.0,469170.0,163574.0,164363.0,302337.0,53009.0,12923.0,1626673,74931,1551743.0,8311750.0,5968611.0,4245870.0,1722741.0,273492.0,153774.0,-119718.0
2007-05-01,11.51,15.4,6.87,12.98,10.32,10.21,8.81,12.66,17.32,13.83,13.3,15.13,27.04,10.81,11.2,13.21,10.72,13.24,12.44,12.31,14.33,12.31,14.76,10.56,10.48,11.2,12.37,10.22,9.11,12.11,15.17,12.64,9.91,11.07,12.61,9.11,12.14,11.68,11.58,13.24,15.23,12.57,9.58,11.45,9.82,7.82,13.33,11.54,12.73,14.61,9.77,7.38,1559080.0,104599.0,41342.0,1414428.0,215724,168349,521172.0,2094.0,507089.0,6.75,7.45,7.42,7.52,7.47,7.58,5.65,8.41,14.69,11.51,8.11,7.96,2066642.0,1273889.0,453886.0,169026.0,169842.0,280878.0,51144.0,12070.0,1722549,79347,1643202.0,8327850.0,6431710.0,4250470.0,2181239.0,497741.0,38201.0,-459540.0
2007-06-01,11.81,15.67,6.96,13.08,10.49,10.84,8.03,13.01,15.95,12.99,13.28,14.72,27.95,10.77,12.49,11.81,11.45,14.96,13.08,12.07,14.12,11.87,12.91,10.78,10.48,10.4,13.28,11.42,9.48,12.35,15.21,12.63,10.58,11.62,12.75,9.85,12.03,13.05,12.61,13.51,16.27,13.06,9.43,12.12,10.53,7.95,13.41,11.85,13.2,15.46,11.06,7.57,1555226.0,101193.0,41310.0,1413254.0,137169,134769,510823.0,2026.0,628467.0,6.62,7.32,7.3,7.41,7.31,7.41,5.73,8.45,16.28,11.81,7.92,7.8,2019862.0,1237733.0,454192.0,163574.0,164363.0,287517.0,53434.0,12445.0,1666465,76764,1589702.0,8327850.0,6813786.0,4231002.0,2582784.0,436633.0,47166.0,-389468.0
2007-07-01,11.63,15.4,6.2,13.46,10.69,10.84,7.7,13.45,16.54,12.74,13.54,15.02,28.52,10.88,13.41,11.23,11.46,15.03,12.88,11.43,14.11,11.83,13.55,10.37,9.46,10.25,13.22,12.06,9.55,12.38,15.24,11.67,11.1,10.72,13.28,8.91,11.25,13.86,12.76,13.3,18.48,12.97,9.36,12.45,10.3,8.1,14.16,11.8,13.35,14.54,10.78,8.23,1659882.0,103426.0,44231.0,1513157.0,117616,122408,510518.0,2094.0,760521.0,6.21,6.56,6.45,6.92,6.47,6.51,5.87,8.02,16.71,11.63,7.51,7.03,2053286.0,1261842.0,452576.0,169026.0,169842.0,282080.0,54774.0,13195.0,1703237,78458,1624779.0,8323150.0,7123259.0,4227004.0,2896255.0,397159.0,83554.0,-313605.0
2007-08-01,11.19,15.24,7.14,13.52,10.78,9.69,8.76,12.62,16.59,12.49,13.03,15.33,30.06,11.07,12.99,11.05,10.46,14.56,13.16,10.56,13.75,11.32,13.01,10.07,8.75,9.93,13.42,12.26,8.57,12.59,14.9,10.86,9.98,10.2,13.13,9.14,10.96,13.66,12.91,12.84,17.91,12.82,8.73,12.47,10.07,8.25,14.26,11.71,13.17,16.54,9.97,7.64,1896137.0,104005.0,50914.0,1741755.0,112015,127081,531132.0,2094.0,969433.0,5.76,6.0,5.92,6.29,6.1,6.1,6.06,7.6,16.71,11.19,6.72,6.83,2076235.0,1272772.0,464595.0,169026.0,169842.0,295104.0,56214.0,12145.0,1712771,78897,1633875.0,8342350.0,7250170.0,4229371.0,3020799.0,293738.0,167095.0,-126643.0
2007-09-01,10.92,15.44,7.21,13.42,10.26,9.16,8.13,12.62,16.24,12.46,12.47,14.12,30.27,11.12,11.79,10.08,9.4,13.34,13.41,10.09,13.76,11.0,13.29,10.04,8.96,9.93,13.22,11.38,8.57,12.65,13.39,10.04,8.93,9.84,13.01,7.68,10.71,13.2,13.04,12.63,17.73,12.62,8.14,11.96,10.35,8.13,14.26,11.34,13.05,16.49,9.48,7.88,1590484.0,101696.0,42286.0,1446674.0,116439,127320,517561.0,2026.0,683327.0,5.3,5.49,5.46,5.71,5.83,5.81,6.14,7.0,16.03,10.92,6.28,6.33,2040241.0,1251805.0,460499.0,163574.0,164363.0,297338.0,56678.0,11480.0,1674745,77145,1597600.0,8384470.0,7548786.0,4233352.0,3315434.0,371266.0,73075.0,-298191.0
2007-10-01,10.93,15.17,7.29,13.2,10.3,9.54,6.67,14.12,16.14,12.81,12.46,13.53,30.87,10.85,10.95,9.53,8.96,12.92,12.8,11.1,13.6,12.48,12.04,9.76,8.68,11.47,13.02,9.57,7.89,12.46,12.73,11.23,9.32,10.83,13.02,6.44,10.99,14.33,12.7,12.79,17.46,12.91,7.36,11.91,10.46,7.68,13.69,11.6,12.38,14.06,8.84,7.47,1627791.0,105256.0,43236.0,1479110.0,174272,157691,540961.0,2094.0,604092.0,5.78,6.35,6.31,6.84,6.61,6.45,9.34,7.43,14.57,10.93,7.06,7.0,2122193.0,1291776.0,491550.0,169026.0,169842.0,320566.0,57219.0,11034.0,1733373,79846,1653527.0,8377174.0,7803634.0,4238254.0,3565380.0,331895.0,75355.0,-256539.0
2007-11-01,11.23,14.61,7.9,13.02,10.95,10.15,7.45,12.46,12.48,13.51,12.03,12.61,29.4,10.29,10.42,9.69,9.63,11.44,12.04,12.0,14.6,11.85,14.01,9.82,9.51,10.83,12.19,8.94,8.52,11.94,14.5,12.78,10.3,11.98,13.09,7.22,11.54,12.79,12.03,12.64,15.52,13.86,7.99,11.67,10.74,7.53,13.35,12.0,11.03,12.54,9.99,7.78,1834529.0,103977.0,49140.0,1681149.0,405477,257247,568218.0,2026.0,448180.0,6.46,7.21,7.15,7.88,7.05,7.08,6.33,8.14,13.04,11.23,7.87,7.28,2098602.0,1289592.0,481074.0,163574.0,164363.0,316308.0,58186.0,11794.0,1712314,78876,1633438.0,8366562.0,7680213.0,4238181.0,3442033.0,140775.0,262091.0,121316.0
2007-12-01,11.24,14.73,7.89,12.67,10.73,10.27,8.11,13.09,12.25,13.34,12.71,12.73,31.08,9.96,9.77,9.18,9.06,11.02,12.05,12.37,15.23,12.4,15.47,9.75,10.14,11.65,11.42,9.51,9.31,11.13,14.76,12.03,9.73,12.21,13.35,8.33,11.85,9.88,11.52,13.06,14.77,14.68,7.79,11.51,10.14,7.39,13.29,12.69,11.04,12.31,10.52,7.76,2399154.0,107796.0,65072.0,2225994.0,716871,394952,614573.0,2094.0,497505.0,6.87,7.51,7.49,7.86,7.36,7.41,6.28,8.27,12.34,11.24,8.18,7.93,2176213.0,1340328.0,497017.0,169026.0,169842.0,328104.0,61023.0,11883.0,1775203,81773,1693431.0,8369024.0,7113475.0,4234216.0,2879259.0,63475.0,632434.0,568959.0
2008-01-01,11.2,14.76,8.76,12.85,10.44,11.39,8.25,12.79,12.83,13.78,13.02,12.58,34.24,10.02,9.54,9.21,9.72,11.02,11.52,12.45,15.29,12.59,14.81,9.28,9.94,11.41,11.03,9.9,9.32,10.98,14.23,12.32,9.57,12.24,13.23,8.81,11.77,9.98,11.78,13.05,14.46,14.34,9.61,12.25,9.76,7.23,13.66,12.08,11.03,12.09,10.43,7.57,2733970.0,101995.0,77313.0,2554281.0,883643,477148,659829.0,2201.0,531460.0,7.38,7.66,7.57,8.42,7.7,7.73,6.6,8.37,12.24,11.2,8.29,8.52,2155041.0,1252450.0,488226.0,243084.0,171282.0,317534.0,59461.0,12599.0,1765447,79730,1685717.0,8361892.0,6288037.0,4232156.0,2055881.0,67359.0,890978.0,823619.0
2008-02-01,11.49,14.47,8.57,12.94,10.52,11.28,8.65,12.27,13.59,13.79,13.47,13.12,35.05,9.88,10.15,9.43,10.57,11.26,11.37,12.74,15.61,12.43,15.14,9.47,10.55,12.04,10.99,10.32,9.26,11.02,14.28,13.49,9.61,12.3,13.42,9.46,12.35,10.56,11.35,13.23,14.38,14.32,10.17,11.75,10.8,7.27,13.71,12.36,11.08,12.15,11.0,7.93,2503421.0,96255.0,70698.0,2335770.0,818272,458833,617738.0,2059.0,438868.0,8.02,8.34,8.24,9.37,8.36,8.4,6.9,8.91,12.58,11.49,8.96,8.87,2043801.0,1194793.0,461375.0,227401.0,160231.0,307865.0,56178.0,13663.0,1666095,75243,1590851.0,8361892.0,5686255.0,4221565.0,1464690.0,55775.0,648340.0,592564.0
2008-03-01,12.03,14.51,8.54,13.04,10.86,11.55,8.91,13.07,14.35,13.73,14.69,14.03,35.2,9.91,11.14,12.27,10.83,12.22,11.78,12.98,15.65,12.79,14.91,10.51,11.24,12.9,11.26,10.98,9.86,11.11,14.85,14.2,10.28,12.84,13.3,10.27,12.9,10.53,11.56,13.58,14.25,13.94,10.75,11.88,10.83,7.37,13.72,12.36,11.09,12.25,11.11,8.48,2278151.0,104226.0,63850.0,2109623.0,656262,380467,609930.0,2201.0,460763.0,8.63,9.03,8.98,9.41,9.33,9.4,7.09,9.49,13.13,12.03,9.61,9.53,2204088.0,1297482.0,492241.0,243084.0,171282.0,325325.0,61605.0,13094.0,1804065,81474,1722591.0,8361892.0,5486589.0,4220523.0,1266066.0,130513.0,349985.0,219472.0
2008-04-01,12.63,15.39,8.45,13.33,12.09,12.7,9.43,13.58,15.71,14.14,14.59,15.14,37.12,10.12,12.16,14.1,11.56,14.02,12.38,13.86,15.81,13.4,15.15,11.61,11.16,14.04,11.96,11.93,10.3,11.15,15.74,14.27,11.21,12.79,14.16,10.75,13.76,12.45,11.21,14.44,15.33,14.1,10.82,12.93,12.16,7.11,13.82,13.05,10.76,12.77,12.17,8.84,1823867.0,100538.0,50623.0,1672724.0,388459,255171,557357.0,2130.0,469607.0,8.87,9.61,9.55,9.85,9.94,10.05,7.09,9.84,14.49,12.63,10.03,10.19,2112605.0,1244781.0,466825.0,235243.0,165756.0,301479.0,58271.0,12626.0,1740229,78591,1661637.0,8366460.0,5658650.0,4222248.0,1436402.0,295897.0,105508.0,-190388.0
2008-05-01,13.51,15.85,7.85,13.29,12.87,13.45,10.47,14.63,14.83,14.67,15.92,17.02,38.49,9.93,14.36,14.54,12.01,15.11,14.91,15.26,16.09,14.15,16.44,12.16,12.65,14.05,12.34,12.61,11.39,11.27,16.38,15.46,12.47,13.98,14.14,12.48,14.42,14.13,11.32,15.3,15.53,14.83,11.16,14.33,12.32,6.89,14.05,13.92,11.2,13.19,13.04,9.02,1576387.0,103871.0,43282.0,1430242.0,230229,179744,542602.0,2201.0,475467.0,9.96,10.8,10.68,11.33,10.93,11.13,7.21,11.05,16.33,13.51,11.35,10.97,2153316.0,1289355.0,449596.0,243084.0,171282.0,285483.0,57467.0,12449.0,1797917,81197,1716720.0,8369877.0,6064975.0,4225431.0,1839543.0,460684.0,56029.0,-404655.0
2008-06-01,14.68,16.8,7.64,12.78,12.93,14.01,11.57,16.93,15.15,14.43,16.78,17.97,42.12,9.91,16.78,17.22,13.17,17.9,16.49,16.71,15.53,15.29,17.5,12.97,13.95,15.41,13.79,14.58,12.45,11.46,17.74,18.53,14.0,14.58,16.11,13.52,16.02,16.12,9.48,17.13,16.34,15.7,11.9,16.31,14.23,7.18,14.3,15.35,11.37,14.62,14.27,10.35,1604249.0,101738.0,44156.0,1459015.0,144313,133735,513401.0,2130.0,665436.0,10.36,11.71,11.57,12.34,11.58,11.86,7.38,11.85,18.91,14.68,12.11,12.41,2118791.0,1266631.0,451160.0,235243.0,165756.0,285764.0,58638.0,13391.0,1760998,79529,1681469.0,8369877.0,6407107.0,4229559.0,2177548.0,422926.0,80529.0,-342397.0
2008-07-01,15.64,17.85,7.27,13.09,13.86,15.86,11.11,18.13,15.45,14.6,17.46,20.1,49.34,9.9,18.76,16.9,13.94,18.39,17.71,17.01,17.58,15.95,18.86,13.39,15.06,14.39,15.33,15.99,12.31,11.56,19.48,17.82,15.45,15.22,17.46,14.7,16.61,18.0,11.58,19.06,17.24,16.65,12.58,16.72,15.12,8.36,15.73,15.88,11.6,17.9,14.63,10.75,1708641.0,107037.0,47092.0,1556011.0,118416,127749,525607.0,2201.0,782039.0,10.79,11.78,11.6,12.99,11.9,12.16,7.49,12.48,20.77,15.64,13.06,11.71,2205260.0,1332342.0,458553.0,243084.0,171282.0,277253.0,61122.0,14161.0,1852724,83672,1769052.0,8369877.0,6745390.0,4228367.0,2517023.0,430005.0,88366.0,-341639.0
2008-08-01,14.19,17.95,7.97,13.3,13.15,13.33,11.42,16.84,17.01,13.86,15.69,18.74,52.38,9.94,18.66,16.17,13.46,18.58,19.37,13.97,17.61,14.2,19.12,12.71,12.04,11.75,15.43,16.81,13.35,11.7,17.95,13.34,15.02,13.26,17.22,13.31,14.41,17.76,11.89,17.45,18.56,14.36,12.91,17.04,11.93,9.51,16.13,14.96,11.69,17.6,12.88,11.91,1682924.0,105516.0,46361.0,1531863.0,111287,126688,528741.0,2201.0,762946.0,8.21,8.67,8.46,10.25,8.69,8.74,7.97,10.2,20.17,14.19,10.1,8.97,2193566.0,1312278.0,466922.0,243084.0,171282.0,291467.0,61426.0,14281.0,1826392,82483,1743909.0,8369877.0,7093832.0,4227668.0,2866164.0,442234.0,92221.0,-350013.0
2008-09-01,13.12,17.6,7.91,13.24,12.83,11.31,9.24,15.68,15.68,13.89,14.77,16.78,44.64,10.07,16.19,14.36,10.97,16.87,18.98,12.49,17.46,13.48,16.78,12.28,10.75,11.35,15.45,14.61,10.67,11.56,16.98,13.0,12.21,11.76,16.13,11.55,12.98,17.66,11.61,16.3,21.6,14.2,10.4,15.53,12.1,9.38,16.14,13.28,11.31,17.02,11.56,10.65,1460924.0,90069.0,40239.0,1329726.0,118100,129153,477778.0,2130.0,602565.0,6.71,7.54,7.34,9.06,7.45,7.38,8.56,8.99,18.41,13.12,9.13,7.81,1919520.0,1099286.0,419234.0,235243.0,165756.0,291921.0,53835.0,14736.0,1559028,70408,1488620.0,8369877.0,7390883.0,4229964.0,3160918.0,398325.0,97945.0,-300380.0
2008-10-01,12.06,17.54,8.85,13.2,12.07,10.56,9.12,15.12,14.7,13.32,13.16,14.92,40.66,11.24,13.89,10.39,8.27,14.57,16.84,12.32,16.45,12.26,12.75,11.16,8.83,11.98,14.39,11.2,8.58,11.57,14.74,12.84,10.44,12.26,13.13,7.63,12.21,17.05,11.57,14.93,17.73,12.82,7.08,14.02,10.65,9.08,15.42,12.45,11.29,15.6,9.08,9.77,1635827.0,101348.0,45052.0,1488645.0,218058,185477,537665.0,2201.0,545244.0,5.64,6.87,6.68,9.16,6.54,6.44,8.72,7.8,15.45,12.06,8.1,6.74,2153389.0,1267363.0,471660.0,243084.0,171282.0,317142.0,66201.0,15794.0,1754251,79225,1675027.0,8396577.0,7634355.0,4234974.0,3399381.0,333892.0,91443.0,-242449.0
2008-11-01,11.72,16.65,8.94,12.88,10.45,8.86,8.25,13.38,13.21,13.48,12.5,12.69,34.41,11.48,12.27,10.37,8.43,11.2,14.24,12.66,15.33,12.4,14.58,10.75,8.77,11.99,13.44,10.85,7.38,11.16,15.54,11.9,9.05,12.43,14.12,8.23,12.31,12.47,11.86,14.56,14.82,13.28,8.04,13.0,9.56,8.85,15.04,12.16,12.77,14.97,11.19,10.16,1868947.0,101561.0,51903.0,1714971.0,433370,275603,546277.0,2130.0,457591.0,5.23,6.54,6.46,8.09,6.28,6.19,8.87,7.93,13.8,11.72,7.34,6.64,2149851.0,1267551.0,481302.0,235243.0,165756.0,314782.0,62725.0,14402.0,1757942,79391,1678551.0,8446906.0,7577456.0,4231545.0,3345911.0,193236.0,250495.0,57258.0
2008-12-01,11.61,15.19,9.95,12.68,10.87,9.14,8.5,13.24,14.72,13.95,12.82,13.21,25.28,10.65,10.66,10.52,8.67,9.68,13.52,13.1,16.31,13.12,14.8,10.5,9.42,11.93,11.8,10.12,7.74,11.07,15.45,12.43,7.65,12.87,14.55,8.36,12.2,9.69,12.62,14.05,19.4,14.36,8.51,12.11,9.97,8.98,14.93,12.16,12.82,14.54,10.91,8.88,2399702.0,105549.0,67386.0,2226478.0,771868,422761,553255.0,2201.0,476394.0,5.94,6.74,6.6,8.86,6.59,6.55,8.27,8.16,12.84,11.61,7.86,6.9,2227028.0,1310331.0,502331.0,243084.0,171282.0,322606.0,61745.0,15712.0,1826966,82508,1744458.0,8446906.0,7072657.0,4232293.0,2840363.0,109519.0,622499.0,512979.0
2009-01-01,11.28,15.38,10.09,12.56,11.1,9.44,8.34,11.63,14.76,13.96,13.03,11.6,21.69,10.56,9.54,11.18,8.91,10.5,13.03,12.35,15.66,12.2,14.73,9.67,9.64,11.42,11.41,10.38,8.69,10.94,15.47,11.79,8.67,12.7,12.55,8.94,11.47,9.32,11.99,13.19,13.67,12.53,8.83,12.29,9.5,8.73,13.99,11.89,12.85,14.94,10.69,9.61,2729715.0,110186.0,81144.0,2538368.0,947740,517891,582995.0,2315.0,487426.0,4.6,6.18,6.07,7.63,5.98,5.96,7.54,7.97,12.49,11.28,7.5,6.62,2251938.0,1251742.0,493283.0,336186.0,170727.0,305527.0,61585.0,14361.0,1870465,88485,1781981.0,8455906.0,6370028.0,4236795.0,2133233.0,78234.0,783292.0,705058.0
2009-02-01,10.98,15.26,9.99,12.22,11.74,8.27,7.44,10.81,15.17,13.98,12.45,12.02,22.67,10.74,9.15,11.89,8.51,10.61,12.51,11.4,16.35,12.12,14.69,9.98,8.7,10.85,10.85,10.23,8.7,11.04,15.55,10.94,8.03,12.09,11.51,8.22,11.49,9.67,11.92,13.05,14.62,11.23,8.63,11.82,8.79,8.9,13.53,11.11,12.8,15.03,10.19,8.84,2332539.0,100434.0,69119.0,2162215.0,756341,426622,523688.0,2091.0,453472.0,3.7,5.21,5.07,6.82,4.92,4.9,6.0,7.26,12.26,10.98,6.43,5.62,2074167.0,1155107.0,461204.0,303652.0,154205.0,296433.0,59824.0,12991.0,1704919,80653,1624266.0,8455906.0,6000888.0,4242866.0,1758022.0,99949.0,471513.0,371564.0
2009-03-01,10.46,15.09,9.76,12.16,12.68,7.52,6.8,9.87,16.73,13.06,11.63,11.84,24.15,10.57,8.15,10.96,8.8,9.7,11.72,11.55,15.81,11.26,14.09,9.85,8.19,10.08,11.13,9.81,8.11,11.08,14.98,9.31,6.87,11.64,11.56,7.24,11.03,10.47,12.2,12.51,14.88,11.66,8.13,11.12,7.64,8.15,13.55,9.93,12.58,15.21,10.19,8.71,2170709.0,110456.0,63814.0,1996245.0,600328,358253,535671.0,2315.0,499678.0,3.38,4.34,4.13,6.34,4.29,4.23,6.42,6.85,11.98,10.46,5.69,4.92,2262488.0,1253396.0,502179.0,336186.0,170727.0,313719.0,59513.0,14202.0,1875053,88702,1786352.0,8455906.0,5907540.0,4247894.0,1659646.0,201681.0,294397.0,92806.0
2009-04-01,9.7,15.22,9.5,12.18,9.67,7.19,6.65,9.37,18.04,13.51,11.21,11.61,24.76,11.11,7.29,9.26,7.13,9.98,12.37,9.76,16.05,10.7,12.41,9.03,7.58,9.2,11.17,9.13,7.24,11.14,14.76,9.3,6.4,10.19,12.0,6.66,10.16,10.84,12.55,11.66,15.04,10.69,6.81,9.84,7.77,6.78,12.59,10.31,13.13,15.51,7.63,7.12,1741293.0,105047.0,50684.0,1585512.0,390344,249120,492412.0,2241.0,451395.0,3.18,3.67,3.57,4.2,3.88,3.79,7.33,5.71,11.68,9.7,5.05,4.7,2147856.0,1192387.0,464909.0,325341.0,165220.0,293480.0,57183.0,13960.0,1783234,84358,1698876.0,8475379.0,6165074.0,4255159.0,1909916.0,356454.0,105648.0,-250807.0
2009-05-01,9.42,15.35,8.63,12.54,10.35,6.09,7.71,8.5,17.75,12.6,10.91,12.72,24.91,10.72,8.75,8.75,6.78,10.45,11.46,8.62,14.67,10.57,11.56,9.18,6.5,8.1,10.42,9.2,5.86,11.15,15.1,9.21,6.29,9.22,11.63,6.89,10.01,12.74,12.55,11.55,16.37,10.13,5.97,9.53,8.26,6.52,12.19,9.88,13.0,16.04,5.96,6.84,1504000.0,108587.0,43256.0,1353150.0,201447,166233,467679.0,2315.0,515476.0,3.23,3.48,3.4,3.88,3.85,3.76,7.2,5.49,12.86,9.42,4.4,4.7,2190437.0,1227955.0,455570.0,336186.0,170727.0,274987.0,57474.0,14649.0,1843327,87201,1756127.0,8500806.0,6632164.0,4257355.0,2374809.0,512359.0,45384.0,-466975.0
2009-06-01,9.53,15.22,8.59,12.83,10.99,6.84,7.7,10.05,17.74,12.58,10.11,13.04,27.52,10.41,9.8,8.36,6.92,11.68,11.66,9.28,11.15,10.44,9.81,9.43,6.14,7.7,10.97,10.16,5.58,11.1,12.28,9.45,6.88,8.72,12.14,7.21,10.45,14.12,13.75,11.61,16.33,10.05,6.14,10.54,7.97,6.87,12.62,9.55,13.41,17.37,6.85,7.22,1527833.0,105563.0,44075.0,1378772.0,141121,133503,459110.0,2241.0,642797.0,3.38,3.51,3.43,3.89,3.9,3.79,7.65,5.55,14.26,9.53,4.56,4.62,2140519.0,1193379.0,456579.0,325341.0,165220.0,279211.0,55021.0,14293.0,1791993,84772,1707221.0,8460168.0,7028031.0,4267898.0,2760133.0,448064.0,62430.0,-385634.0
2009-07-01,9.74,15.28,8.52,12.64,11.0,7.2,7.5,10.8,17.26,12.48,11.1,13.89,32.52,10.48,10.6,8.86,7.5,11.44,10.67,9.45,11.29,10.07,9.34,9.14,7.16,7.83,11.37,10.53,5.94,11.25,13.09,11.21,7.45,8.78,12.55,7.9,10.19,16.08,12.53,11.61,16.6,10.71,6.8,10.12,8.37,6.89,12.97,9.77,13.87,17.05,6.55,7.36,1657997.0,107672.0,48056.0,1503321.0,118624,128095,476270.0,2315.0,778017.0,3.45,3.5,3.39,4.21,3.97,3.75,8.0,5.7,15.27,9.74,4.68,4.47,2170032.0,1202314.0,460805.0,336186.0,170727.0,277911.0,50529.0,13793.0,1827798,86466,1741332.0,8500806.0,7353504.0,4263199.0,3090305.0,420802.0,82604.0,-338198.0
2009-08-01,9.52,15.08,8.81,12.54,10.65,7.41,8.05,9.66,18.1,12.81,10.23,14.1,34.96,10.43,11.23,8.0,7.85,11.63,9.93,8.96,11.22,9.69,8.32,9.04,6.97,7.29,11.43,10.9,6.38,11.25,14.74,8.94,7.62,8.46,11.99,7.65,9.56,16.65,12.7,11.03,16.85,10.62,7.21,10.29,8.33,7.16,13.02,9.07,13.64,16.68,6.6,8.06,1736462.0,108525.0,50455.0,1578354.0,111479,128831,495412.0,2315.0,840317.0,3.37,3.29,3.22,3.94,3.58,3.46,8.36,5.61,15.61,9.52,4.38,4.3,2192597.0,1224882.0,460802.0,336186.0,170727.0,275824.0,60713.0,13776.0,1842284,87151,1755132.0,8500806.0,7626392.0,4267274.0,3359118.0,362273.0,87907.0,-274367.0
2009-09-01,9.35,14.73,9.24,12.31,10.88,6.71,8.26,10.16,18.02,12.31,10.02,12.56,36.93,10.77,10.34,7.56,7.65,11.58,10.87,8.81,9.96,9.32,8.62,8.63,5.89,7.53,10.42,10.38,6.43,10.93,12.52,7.58,7.24,9.2,11.39,7.35,9.34,15.63,12.86,10.66,17.01,9.99,6.74,9.34,8.01,7.15,12.88,10.1,13.33,16.3,6.55,8.43,1574975.0,102145.0,45621.0,1427135.0,119681,131405,483796.0,2241.0,690011.0,2.98,2.91,2.86,3.35,3.43,3.1,10.2,5.37,14.8,9.35,3.89,4.02,2089220.0,1134504.0,464155.0,325341.0,165220.0,285122.0,57727.0,12392.0,1733980,82028,1651952.0,8511506.0,7921596.0,4275618.0,3645978.0,351897.0,56736.0,-295161.0
2009-10-01,8.93,15.17,9.52,11.93,10.04,6.99,8.0,9.22,19.13,12.03,10.16,12.04,37.43,9.05,8.25,5.89,6.59,9.32,7.84,9.7,9.02,9.88,7.77,8.58,6.34,8.0,10.36,7.98,5.66,10.94,10.51,8.8,7.03,9.23,11.32,5.88,9.09,13.74,12.61,9.95,17.15,10.67,5.98,9.24,7.57,6.44,12.0,9.4,11.75,15.13,6.67,7.89,1666520.0,106913.0,48298.0,1510867.0,251028,198631,521880.0,2315.0,537013.0,3.83,3.92,3.91,3.95,4.29,4.12,10.97,5.65,11.78,8.93,4.82,5.04,2197157.0,1202397.0,487848.0,336186.0,170727.0,303881.0,65282.0,13082.0,1814913,85857,1729056.0,8511506.0,8091168.0,4281301.0,3809867.0,266173.0,98787.0,-167386.0
2009-11-01,9.45,14.17,10.15,11.65,9.09,8.49,7.58,8.71,14.8,12.63,10.33,11.01,36.97,8.09,8.1,7.08,7.43,8.44,8.18,11.07,10.72,10.48,11.99,8.95,7.67,10.2,10.54,8.38,6.04,10.58,13.62,9.42,7.83,10.32,11.56,6.95,9.36,11.0,11.07,10.58,15.24,11.3,6.93,9.88,8.38,6.44,11.78,9.53,10.24,10.89,8.27,7.03,1776171.0,103532.0,51782.0,1619852.0,376488,251343,532696.0,2241.0,457085.0,4.2,4.4,4.42,4.25,4.53,4.4,10.69,6.34,11.48,9.45,5.44,5.06,2144157.0,1178120.0,475476.0,325341.0,165220.0,307217.0,64956.0,14465.0,1757520,83142,1674378.0,8521506.0,8124989.0,4287564.0,3837424.0,173011.0,139546.0,-33465.0
2009-12-01,9.1,13.52,9.03,10.97,8.53,8.68,7.34,8.28,13.47,12.1,10.59,9.85,37.07,8.01,7.28,6.45,7.14,8.69,7.75,10.52,10.88,9.72,12.48,8.95,7.4,9.32,9.6,8.04,6.87,10.31,13.08,10.11,7.7,10.81,10.5,6.43,9.04,8.63,9.68,10.19,16.06,11.31,6.56,9.4,6.94,6.67,11.63,9.86,10.06,10.37,8.41,6.99,2491864.0,106179.0,73871.0,2310875.0,764286,428665,595763.0,2315.0,519846.0,4.66,5.23,5.3,4.63,5.63,5.42,9.18,6.22,10.42,9.1,5.97,6.24,2196325.0,1198103.0,491310.0,336186.0,170727.0,308780.0,71701.0,13396.0,1802449,85267,1717182.0,8655740.0,7406742.0,4276666.0,3130076.0,44093.0,737937.0,693844.0
2010-01-01,9.65,13.6,8.8,10.89,8.22,9.23,7.69,8.74,12.09,12.75,11.28,10.58,35.36,8.04,8.07,7.14,8.03,8.63,7.75,10.73,12.13,10.33,12.66,9.55,8.39,9.81,9.24,7.98,7.15,9.98,12.64,11.0,7.43,11.85,10.23,6.74,9.29,8.01,10.07,10.71,13.73,11.63,7.21,9.03,8.37,6.59,11.46,10.16,10.19,10.11,9.13,6.96,2809788.0,105622.0,79950.0,2624217.0,932605,499107,644259.0,2434.0,545811.0,5.69,5.95,5.98,5.78,6.35,6.24,11.68,6.84,10.56,9.65,6.93,6.98,2210163.0,1133912.0,506855.0,406673.0,162723.0,302469.0,70460.0,13091.0,1824143,86910,1737233.0,8655740.0,6579900.0,4276043.0,2303858.0,62623.0,873468.0,810845.0
2010-02-01,9.71,13.67,8.87,10.95,8.37,9.47,8.1,9.37,12.42,13.17,10.98,10.14,33.49,8.15,8.65,7.06,7.82,9.96,7.93,10.13,12.42,10.1,12.31,9.46,8.29,9.62,9.38,8.62,7.7,10.13,12.81,10.92,7.94,11.55,10.18,7.53,9.42,8.56,10.39,10.66,14.66,10.76,7.8,8.81,8.59,6.84,11.28,9.98,10.27,10.18,9.05,7.11,2480950.0,97743.0,70460.0,2312746.0,794779,440859,595295.0,2199.0,479615.0,5.3,5.62,5.63,5.74,5.87,5.74,7.97,6.64,10.69,9.71,6.76,6.27,2047815.0,1052308.0,471123.0,375550.0,148835.0,293685.0,59179.0,12082.0,1682869,80179,1602690.0,8655740.0,5960953.0,4277619.0,1683334.0,37714.0,657184.0,619470.0
2010-03-01,9.7,13.56,8.93,10.73,8.35,6.94,8.03,9.64,11.51,13.04,11.11,11.75,32.07,8.32,8.89,8.26,7.64,9.73,8.93,10.16,11.79,10.29,12.58,9.25,7.49,9.34,9.58,8.85,7.35,10.23,12.69,10.49,7.87,11.77,10.75,7.43,9.26,8.83,10.25,10.97,14.61,10.55,7.91,9.44,8.7,6.8,11.29,9.63,10.36,10.41,8.62,6.89,2142925.0,108557.0,60147.0,1974222.0,579243,337183,598498.0,2434.0,456864.0,4.7,4.87,4.91,4.87,5.1,4.95,12.36,6.5,10.99,9.7,6.01,5.47,2276546.0,1160678.0,527636.0,423948.0,164284.0,327528.0,71255.0,13244.0,1864519,88833,1775686.0,8655740.0,5929914.0,4277501.0,1652413.0,206713.0,237569.0,30856.0
2010-04-01,9.57,13.38,8.58,10.66,9.61,8.4,6.74,10.91,12.09,13.09,10.88,11.61,36.51,8.25,9.3,10.15,7.65,10.6,9.86,9.41,12.45,9.89,11.77,8.49,7.03,9.02,10.59,8.77,7.01,10.18,12.92,9.27,7.51,10.96,11.72,7.05,9.47,10.36,9.81,10.44,14.71,10.08,7.26,9.68,8.57,6.39,11.8,9.87,10.42,10.87,8.51,6.64,1691813.0,104763.0,46922.0,1540128.0,313171,215375,537745.0,2356.0,471481.0,4.1,4.13,4.13,4.25,4.76,4.36,12.21,5.88,11.97,9.57,5.12,4.91,2190270.0,1114216.0,483507.0,433217.0,159330.0,294305.0,67459.0,15194.0,1813312,86394,1726918.0,8655740.0,6289473.0,4278372.0,2011101.0,427432.0,67931.0,-359501.0
2010-05-01,9.5,13.51,8.46,10.6,10.36,7.62,7.18,10.52,13.4,12.18,10.45,12.73,37.13,8.29,10.16,9.36,7.66,11.9,9.64,9.82,12.32,9.89,12.22,8.95,6.98,8.25,11.65,8.32,6.49,9.99,12.36,9.2,7.31,10.33,11.1,7.11,10.04,13.46,9.98,10.43,16.7,9.91,6.7,10.2,7.89,6.02,12.37,9.71,10.57,11.32,7.99,6.6,1617274.0,107550.0,44635.0,1465089.0,197513,161154,544323.0,2434.0,559665.0,4.24,4.13,4.1,4.24,4.68,4.51,11.94,5.81,13.12,9.5,5.08,4.96,2236507.0,1144376.0,472642.0,454828.0,164661.0,273130.0,62678.0,14222.0,1886476,89880,1796596.0,8660980.0,6698983.0,4279323.0,2419660.0,462812.0,52524.0,-410288.0
2010-06-01,9.72,13.83,8.42,10.82,10.77,8.12,8.28,11.25,14.81,12.69,10.6,13.14,37.88,8.18,11.32,10.32,9.07,12.51,10.16,9.85,11.43,10.53,10.3,8.87,7.05,7.67,12.92,8.33,6.68,9.71,12.43,9.2,7.29,10.14,11.56,7.89,9.99,15.21,10.07,10.49,18.04,9.91,7.77,9.88,7.92,6.27,12.93,9.62,10.95,11.46,8.26,7.13,1649515.0,102824.0,45728.0,1500962.0,134038,129712,529191.0,2356.0,705665.0,4.27,4.23,4.21,4.2,4.98,4.79,8.27,6.02,14.86,9.72,5.04,5.31,2138770.0,1089664.0,448099.0,444215.0,156791.0,257303.0,65915.0,13060.0,1802492,85878,1716613.0,8660980.0,7026700.0,4286643.0,2740056.0,384815.0,63577.0,-321238.0
2010-07-01,10.04,13.6,8.22,10.82,10.92,8.29,7.98,11.25,16.93,12.18,11.22,13.19,35.09,8.2,12.81,10.62,9.93,12.59,10.68,10.47,11.94,10.66,10.69,9.03,8.09,7.83,13.45,9.43,6.97,9.93,13.58,9.25,7.88,9.68,11.53,8.35,10.59,16.52,10.29,11.29,19.15,10.39,8.2,10.77,8.45,6.84,13.43,9.56,11.51,12.56,8.87,7.77,1825828.0,106759.0,50825.0,1668244.0,111307,120183,537138.0,2434.0,897182.0,4.44,4.4,4.33,4.8,5.25,4.9,12.83,6.31,16.21,10.04,5.49,5.34,2208753.0,1103493.0,426207.0,516703.0,162350.0,235558.0,63143.0,13969.0,1896082,90337,1805745.0,8660980.0,7253018.0,4287238.0,2965780.0,339158.0,112493.0,-226665.0
2010-08-01,9.94,13.02,8.87,11.08,10.92,8.4,7.25,11.08,15.91,12.2,10.48,13.23,34.9,8.13,12.31,10.77,9.98,13.0,11.38,10.3,11.51,10.82,9.94,8.91,7.55,7.45,13.71,10.8,7.45,9.96,13.69,9.05,8.43,9.67,11.24,8.42,10.29,19.58,10.53,11.27,18.4,10.55,8.23,11.02,7.92,7.32,13.19,9.37,11.66,12.58,8.48,7.96,1878926.0,108019.0,52357.0,1718550.0,107074,126673,539366.0,2434.0,943002.0,4.38,4.13,4.04,4.93,4.89,4.69,13.19,6.22,16.65,9.94,5.37,5.06,2235038.0,1116748.0,430469.0,522784.0,165037.0,233650.0,68367.0,15026.0,1917995,91381,1826614.0,8671590.0,7442861.0,4290100.0,3152761.0,323214.0,137433.0,-185781.0
2010-09-01,9.56,12.77,8.68,10.88,10.5,7.81,7.44,10.84,16.34,11.68,10.07,13.1,37.32,8.11,11.73,7.53,9.15,12.65,11.82,9.43,10.68,10.34,9.97,8.66,7.22,7.09,13.11,10.34,7.06,9.82,13.95,8.67,7.75,10.03,11.11,7.18,9.37,18.62,10.29,10.75,16.97,9.7,7.35,10.57,7.35,7.41,12.9,9.08,11.36,12.25,7.38,8.27,1637491.0,107186.0,45244.0,1485061.0,117299,132944,535739.0,2356.0,696723.0,3.83,3.76,3.65,4.6,4.64,4.16,9.85,5.72,15.63,9.56,4.61,4.61,2238147.0,1069752.0,495450.0,513320.0,159625.0,289129.0,74829.0,13151.0,1861038,88668,1772370.0,8691908.0,7801450.0,4293804.0,3507646.0,410927.0,52326.0,-358602.0
2010-10-01,9.27,13.01,8.97,10.84,10.15,8.08,8.1,10.4,17.2,11.2,9.93,11.95,42.81,8.38,9.55,6.03,7.18,11.91,10.42,9.4,9.78,9.35,9.35,8.41,6.84,8.08,12.51,9.43,6.18,9.89,12.89,8.63,7.37,10.31,10.45,6.45,9.2,17.55,10.3,10.24,15.66,10.16,6.39,10.34,7.21,7.42,12.26,9.22,10.93,11.01,6.91,8.14,1664938.0,112815.0,45889.0,1506234.0,201580,185337,546520.0,2434.0,570363.0,4.05,3.83,3.72,4.78,4.41,3.99,9.04,5.7,13.37,9.27,4.73,4.45,2356947.0,1103121.0,520476.0,572200.0,161150.0,309003.0,78356.0,13474.0,1956114,93197,1862916.0,8691908.0,8155699.0,4305058.0,3850641.0,407472.0,52156.0,-355316.0
2010-11-01,8.86,13.22,8.92,10.35,9.1,7.46,7.22,8.68,14.65,11.08,9.56,10.48,36.92,8.25,8.03,7.01,7.97,9.42,8.96,9.14,9.54,9.24,11.87,8.28,6.45,7.9,11.52,8.33,6.54,9.25,11.86,9.76,7.14,10.32,9.62,6.64,8.35,12.45,9.85,9.74,13.62,9.69,6.5,9.61,6.35,7.33,11.79,8.93,10.08,9.34,8.15,7.85,1973294.0,109026.0,55118.0,1809151.0,446801,286696,576758.0,2356.0,496539.0,4.12,3.96,3.85,5.09,4.42,4.1,8.18,5.48,10.89,8.86,4.6,4.55,2276710.0,1055096.0,505640.0,562774.0,153200.0,292342.0,77588.0,14122.0,1892658,90174,1802484.0,8691908.0,8078136.0,4309231.0,3768905.0,162517.0,236543.0,74025.0
2010-12-01,8.82,12.24,8.87,10.22,7.98,8.58,7.14,8.2,13.48,11.35,10.07,9.09,39.36,8.28,7.22,7.05,6.78,7.63,7.92,8.98,11.86,8.82,12.48,8.27,7.43,8.15,10.01,7.96,6.61,8.46,12.77,9.63,6.31,10.58,8.64,6.52,8.71,7.26,9.9,9.76,12.61,9.39,6.15,8.77,6.53,7.51,11.72,8.93,10.13,9.34,8.34,6.9,2714054.0,114763.0,76849.0,2522442.0,847001,467371,641361.0,2434.0,564274.0,4.68,4.56,4.51,5.41,5.01,4.57,8.5,5.74,9.98,8.82,5.5,5.68,2400418.0,1104134.0,546599.0,590909.0,158776.0,323484.0,77468.0,15292.0,1984174,94534,1889640.0,8709914.0,7412447.0,4301362.0,3111085.0,65997.0,731181.0,665184.0
2011-01-01,8.74,11.82,8.14,9.9,7.8,8.29,8.07,8.16,13.11,12.23,11.5,9.5,38.09,8.27,7.23,7.41,7.4,8.09,7.91,9.23,11.99,9.52,12.31,9.15,7.52,8.17,9.38,8.2,6.07,8.37,11.07,10.0,6.58,9.72,8.89,6.75,8.66,6.5,9.8,10.15,12.59,9.89,6.81,8.33,6.46,7.34,11.47,9.43,10.25,9.28,8.35,6.94,2888640.0,106975.0,82626.0,2699039.0,969775,527999,658927.0,2546.0,539792.0,4.37,4.66,4.55,5.56,5.11,4.74,8.2,5.69,9.9,8.74,5.66,5.66,2299298.0,1055851.0,464194.0,626998.0,152255.0,249401.0,75229.0,21936.0,1952732,92165,1860566.0,8709914.0,6608635.0,4302792.0,2305843.0,50130.0,849115.0,798985.0
2011-02-01,8.88,11.99,8.26,9.96,7.78,8.51,7.88,8.38,13.07,12.55,11.89,10.0,41.08,8.13,7.4,8.15,7.51,8.0,8.45,9.15,12.89,9.92,12.21,9.12,7.73,8.25,9.58,8.36,6.94,8.23,11.44,10.01,6.59,9.49,9.97,6.86,8.87,7.06,9.27,10.3,12.91,10.66,6.96,8.46,7.07,7.42,11.24,10.03,9.91,9.29,8.16,7.1,2452403.0,96973.0,69965.0,2285465.0,767994,431732,599754.0,2299.0,483686.0,4.34,4.49,4.43,4.99,4.79,4.58,9.71,5.75,10.14,8.88,5.77,5.29,2104330.0,938227.0,466463.0,562261.0,137380.0,287806.0,67202.0,20393.0,1728929,81602,1647326.0,8709914.0,6024215.0,4302341.0,1721875.0,81827.0,666248.0,584421.0
2011-03-01,8.89,12.23,8.22,9.82,8.28,8.18,7.6,8.17,13.4,12.31,11.29,10.16,48.74,8.33,7.72,8.26,7.39,8.43,8.27,9.4,11.78,9.82,12.82,9.06,7.44,7.82,9.8,8.54,7.03,8.28,11.47,9.09,6.77,9.87,9.48,6.92,8.4,8.11,9.36,10.64,12.8,9.32,6.93,8.85,6.98,7.47,11.26,9.34,10.38,9.46,8.09,6.99,2230493.0,111445.0,62944.0,2056105.0,594929,360938,615767.0,2546.0,481926.0,3.95,4.24,4.1,5.35,4.52,4.31,10.28,5.73,10.43,8.89,5.21,4.84,2410884.0,1073020.0,530228.0,652767.0,154870.0,318686.0,75525.0,14315.0,2002359,94508,1907851.0,8709914.0,5879115.0,4302108.0,1577007.0,167632.0,313952.0,146319.0
2011-04-01,9.02,12.56,8.38,9.96,9.95,8.32,7.29,8.33,13.2,12.43,11.52,10.63,46.17,8.43,8.13,9.97,7.33,9.42,9.35,9.44,12.71,10.02,12.1,8.95,7.68,7.75,10.28,8.75,6.33,8.21,12.02,8.89,6.89,9.38,10.45,6.69,8.78,11.39,9.73,10.21,13.74,9.77,6.51,9.0,7.16,7.07,11.36,9.85,10.42,9.78,8.2,7.08,1825023.0,108766.0,50979.0,1665278.0,340552,232006,568804.0,2464.0,521453.0,4.05,4.35,4.21,5.42,4.78,4.55,8.25,5.62,11.27,9.02,5.34,5.03,2349720.0,1033091.0,501976.0,669549.0,145103.0,302291.0,73085.0,13497.0,1960847,92549,1868299.0,8709914.0,6092050.0,4303570.0,1788480.0,312290.0,100096.0,-212194.0
2011-05-01,9.35,12.95,8.54,10.18,10.72,8.2,7.81,8.63,15.37,12.6,11.46,12.19,47.1,8.44,9.21,9.55,7.8,11.1,9.75,9.79,11.6,11.9,10.77,9.38,8.0,7.92,10.68,9.17,6.65,8.14,11.75,9.51,7.24,9.8,10.01,7.56,9.04,13.35,9.72,11.18,15.58,9.16,6.92,9.31,7.9,6.48,11.64,10.38,10.81,10.46,7.47,7.35,1667396.0,111897.0,46204.0,1509295.0,205399,166250,563102.0,2546.0,571998.0,4.12,4.31,4.26,4.63,4.88,4.62,8.62,5.8,12.5,9.35,5.21,5.04,2410866.0,1057528.0,502371.0,700130.0,150836.0,288748.0,75510.0,15913.0,2030695,95845,1934850.0,8720384.0,6491219.0,4304364.0,2186855.0,457725.0,58314.0,-399411.0
2011-06-01,9.57,13.06,7.91,9.97,11.15,8.58,8.49,8.63,15.23,12.85,11.47,12.36,50.67,8.15,11.58,10.08,8.46,12.44,10.7,9.9,10.41,11.84,10.36,10.36,8.23,7.49,11.95,10.18,7.01,8.15,11.07,10.79,7.53,9.03,10.31,8.3,9.46,15.18,9.69,11.46,16.82,10.28,7.61,9.84,7.73,6.59,12.31,10.75,11.07,11.51,8.13,7.4,1657334.0,107452.0,46037.0,1503845.0,132672,133856,535440.0,2464.0,699414.0,4.2,4.6,4.37,6.66,4.83,4.71,11.6,6.12,14.7,9.57,5.21,5.2,2312943.0,1012955.0,475053.0,679587.0,145348.0,270382.0,72183.0,15925.0,1954453,92247,1862207.0,8720384.0,6831426.0,4301779.0,2529647.0,420644.0,80472.0,-340172.0
2011-07-01,9.58,13.01,7.78,10.31,11.11,8.67,9.59,8.75,15.56,13.23,11.19,12.51,47.0,8.19,12.78,9.61,9.12,12.53,10.91,9.86,11.28,13.38,10.42,10.89,8.11,7.77,12.68,9.44,7.34,8.1,12.6,10.03,7.96,8.14,10.6,8.58,9.53,16.24,9.9,12.36,17.38,9.79,7.88,10.67,7.64,7.01,13.29,10.13,11.63,11.53,8.33,8.51,1890515.0,109606.0,52900.0,1728010.0,114187,130147,542556.0,2546.0,938575.0,4.27,4.39,4.3,5.5,4.82,4.64,12.72,6.16,16.14,9.58,5.05,5.13,2340293.0,1039485.0,419769.0,729338.0,151701.0,214464.0,76249.0,16786.0,2032795,95944,1936850.0,8720384.0,7075486.0,4300139.0,2775346.0,359267.0,115649.0,-243618.0
2011-08-01,9.77,13.33,7.85,10.42,11.46,9.11,9.64,9.16,15.29,12.69,10.69,12.77,45.2,8.2,12.85,10.14,9.19,12.86,11.2,9.57,10.55,11.9,10.56,11.42,8.82,7.7,12.78,9.96,7.49,8.1,12.51,10.59,8.59,8.55,9.5,8.6,9.33,17.08,10.44,12.0,17.93,9.46,8.62,10.81,7.93,7.3,13.99,10.3,11.68,11.47,8.25,8.97,1891783.0,110980.0,52896.0,1727907.0,112280,137962,553670.0,2546.0,921449.0,4.2,4.4,4.09,6.99,4.63,4.51,11.6,6.19,16.67,9.77,5.21,4.85,2370440.0,1029990.0,446254.0,744380.0,149816.0,239834.0,58183.0,15806.0,2056617,97069,1959548.0,8720384.0,7319424.0,4300269.0,3019155.0,370180.0,125989.0,-244191.0
2011-09-01,9.46,13.21,8.04,10.49,11.18,8.34,9.41,9.43,15.19,12.91,10.68,12.53,45.31,8.16,11.51,8.45,8.21,12.58,10.74,9.31,10.32,12.08,10.06,10.51,7.56,7.72,11.97,9.87,7.25,8.13,12.99,9.57,8.22,8.63,9.93,7.77,9.02,15.95,10.48,11.4,17.02,8.87,7.8,10.31,7.8,7.25,13.81,10.51,11.63,10.33,7.6,8.57,1655634.0,109465.0,45927.0,1500242.0,122751,141634,549196.0,2464.0,684198.0,3.82,3.92,3.87,4.48,4.87,4.19,12.76,5.94,15.63,9.46,4.84,4.71,2358169.0,992944.0,487535.0,731041.0,146649.0,282109.0,72340.0,16586.0,1987134,93789,1893345.0,8720384.0,7716989.0,4301291.0,3415698.0,453548.0,55418.0,-398130.0
2011-10-01,8.94,12.98,8.05,10.28,10.92,8.05,8.14,9.35,15.23,11.76,10.31,11.13,48.34,7.65,9.6,7.34,7.12,11.04,9.45,9.17,8.76,10.71,9.62,9.29,6.88,8.14,10.99,9.51,6.83,8.09,11.41,8.57,7.81,9.02,9.41,6.99,8.39,15.18,9.95,10.19,14.4,9.1,7.09,9.48,7.4,7.08,13.11,9.69,10.74,9.69,6.93,7.78,1744454.0,116320.0,48362.0,1579772.0,225506,206142,570646.0,2546.0,574932.0,3.62,4.06,3.66,7.41,4.14,3.92,12.54,5.45,12.85,8.94,4.71,4.49,2502387.0,1031751.0,513217.0,806763.0,150657.0,288678.0,73324.0,21650.0,2118735,100000,2018734.0,8775468.0,8105566.0,4301737.0,3803828.0,436748.0,51527.0,-385221.0
2011-11-01,8.62,12.63,7.86,9.95,8.97,7.64,7.69,8.41,12.98,11.66,10.67,9.89,45.07,7.75,8.37,7.03,7.58,9.1,8.94,9.11,10.88,10.28,11.31,8.62,6.86,8.49,10.35,8.48,6.65,7.72,11.37,9.07,7.34,9.19,9.84,6.86,7.7,10.68,9.44,10.13,12.78,9.81,6.98,9.45,6.71,6.56,12.72,9.28,10.11,9.57,8.09,7.53,2031872.0,114768.0,56945.0,1860159.0,434502,286449,594199.0,2464.0,542546.0,3.35,3.58,3.55,4.2,4.24,3.8,15.29,5.29,10.78,8.62,4.64,4.26,2475947.0,999917.0,543092.0,787075.0,145863.0,306677.0,75233.0,17885.0,2076152,97991,1978161.0,8775595.0,8142609.0,4299727.0,3842882.0,221389.0,183799.0,-37590.0
2011-12-01,8.3,12.05,7.88,9.54,8.36,7.97,7.05,8.32,13.1,11.56,10.36,8.94,44.75,7.74,7.68,7.32,7.19,8.01,8.45,9.13,11.05,10.31,11.01,8.4,6.78,7.87,8.72,8.13,6.62,7.41,11.05,8.72,6.58,9.19,9.67,6.66,7.47,7.48,9.27,9.84,11.99,9.35,6.82,9.05,6.39,6.54,12.6,9.38,9.62,9.44,7.78,7.16,2541878.0,117941.0,72000.0,2351937.0,693232,400205,642060.0,2546.0,613894.0,3.14,3.66,3.49,5.57,4.08,3.73,12.83,5.03,9.83,8.3,4.59,4.18,2543747.0,1026310.0,557768.0,811094.0,148575.0,316237.0,73860.0,18745.0,2134904,100764,2034141.0,8775595.0,7763772.0,4301752.0,3462021.0,90432.0,473674.0,383241.0
2012-01-01,8.04,11.95,8.29,9.43,8.47,7.71,7.15,7.78,12.82,11.57,10.47,8.82,43.59,7.65,6.92,7.55,6.97,7.62,7.85,9.95,12.76,9.9,11.95,8.35,6.61,7.47,8.58,8.13,6.49,7.35,12.15,8.79,6.19,8.26,9.01,6.49,6.58,7.39,9.38,10.16,12.07,9.09,6.62,8.52,6.89,6.63,12.34,9.4,9.56,9.29,7.54,8.08,2756180.0,118883.0,79832.0,2557465.0,794368,445861,665876.0,2538.0,648823.0,2.89,3.27,3.22,4.25,3.66,3.25,11.83,4.85,9.62,8.04,4.58,3.82,2571350.0,1125753.0,455112.0,850081.0,140404.0,332298.0,70191.0,16162.0,2152698,106430,2046268.0,8842950.0,7219136.0,4309129.0,2910007.0,74854.0,619332.0,544477.0
2012-02-01,7.76,11.92,8.32,9.99,8.61,6.58,7.55,7.49,12.86,11.0,10.99,9.28,49.01,7.43,6.53,7.7,6.8,8.12,8.33,9.23,13.39,9.59,10.83,8.27,6.5,8.22,8.59,7.85,6.33,7.58,12.21,8.12,6.0,7.76,8.33,5.96,6.05,6.93,9.26,10.24,12.07,8.63,6.36,8.12,6.66,6.98,12.14,8.82,9.65,9.21,7.57,6.65,2500654.0,109038.0,72395.0,2319221.0,662056,387045,623215.0,2375.0,644530.0,2.46,2.86,2.75,4.3,3.06,2.93,11.3,4.73,9.47,7.76,4.19,3.46,2360061.0,1032209.0,420631.0,779826.0,127395.0,302230.0,66796.0,16603.0,1974431,97616,1876815.0,8854720.0,6758315.0,4309505.0,2448810.0,56243.0,515817.0,459574.0
2012-03-01,8.16,12.33,8.09,9.64,8.88,7.31,7.32,7.63,13.18,11.46,10.51,9.64,51.72,7.49,7.78,10.02,8.09,8.02,9.57,9.2,12.56,11.02,11.0,8.41,6.78,8.53,9.05,7.89,6.15,7.62,12.55,7.92,5.88,8.88,8.66,5.97,6.14,7.75,8.85,10.33,12.23,8.79,7.2,8.11,6.19,7.23,12.18,9.0,9.63,9.45,8.1,6.49,2127761.0,117005.0,60866.0,1949890.0,403150,261564,608538.0,2538.0,674099.0,2.25,2.36,2.31,2.95,2.74,2.59,10.67,4.84,10.41,8.16,3.71,3.09,2524260.0,1099787.0,451628.0,836494.0,136352.0,319776.0,68403.0,17388.0,2118693,104749,2013944.0,8854720.0,6794584.0,4321454.0,2473130.0,240351.0,205365.0,-34987.0
2012-04-01,8.04,12.99,7.99,9.33,8.46,6.34,7.27,8.32,13.77,11.19,10.53,10.59,49.37,7.61,7.63,7.91,6.16,10.02,8.98,7.72,12.6,10.94,10.24,8.03,5.61,6.59,10.93,7.98,6.33,7.74,13.67,7.0,6.1,7.87,8.34,5.41,8.31,10.84,8.54,10.12,13.54,8.24,5.43,8.81,5.88,7.3,12.14,8.45,9.9,9.69,7.64,6.3,1953071.0,112909.0,55702.0,1784460.0,279211,208940,579515.0,2457.0,714338.0,1.89,2.04,2.01,2.96,2.28,2.28,8.54,4.19,10.94,8.04,3.21,2.81,2417498.0,1032068.0,414310.0,842792.0,128328.0,290191.0,64454.0,18334.0,2044519,101082,1943437.0,8882728.0,6936421.0,4325195.0,2611226.0,263896.0,126403.0,-137493.0
2012-05-01,8.14,13.23,7.93,9.32,7.15,5.98,8.41,8.86,14.4,11.28,10.66,10.29,45.75,7.54,10.35,9.55,6.51,10.84,9.51,7.03,11.28,10.71,8.75,8.67,5.52,6.81,10.97,7.73,5.44,8.11,11.7,6.7,6.18,7.56,8.8,5.4,10.5,12.74,8.96,11.43,13.87,8.08,5.56,8.82,6.14,6.76,12.14,8.56,10.11,10.77,5.77,5.97,1873835.0,117153.0,53175.0,1703507.0,163083,149137,576282.0,2538.0,812467.0,1.94,2.29,2.15,4.37,2.79,2.5,16.1,4.3,12.61,8.14,3.02,3.05,2490707.0,1055642.0,427583.0,875482.0,132000.0,291899.0,59953.0,17488.0,2121367,104881,2016486.0,8905843.0,7219444.0,4332383.0,2887060.0,357965.0,73735.0,-284231.0
2012-06-01,8.44,13.5,7.88,9.34,7.24,6.76,8.68,10.02,15.35,11.63,10.42,10.75,45.12,7.54,10.62,8.59,7.45,11.0,9.13,7.61,9.41,11.25,8.7,9.44,6.45,6.56,11.82,8.24,5.1,8.21,11.58,8.11,6.11,6.96,8.59,6.17,12.94,14.67,8.82,12.31,16.59,9.08,5.97,8.04,6.36,6.78,12.86,9.79,10.4,11.38,6.43,6.43,1868356.0,112654.0,53145.0,1702557.0,123336,131071,565812.0,2457.0,879881.0,2.54,2.35,2.33,3.1,2.93,2.65,17.55,4.63,14.18,8.44,3.34,3.21,2376776.0,1008131.0,390744.0,851601.0,126300.0,266095.0,51940.0,18832.0,2039909,100854,1939055.0,8919139.0,7453546.0,4338100.0,3115447.0,323026.0,90800.0,-232226.0
2012-07-01,8.52,13.56,8.08,9.37,7.19,7.09,9.09,10.13,15.87,11.97,10.31,10.65,45.99,7.32,12.04,9.29,9.02,11.48,9.49,7.79,10.14,11.87,8.85,10.31,6.34,6.73,12.12,9.24,6.08,8.07,12.66,8.03,6.85,6.62,8.99,6.85,11.64,15.03,8.65,11.81,16.57,8.41,7.01,8.25,6.22,7.06,12.85,9.65,10.78,11.58,6.87,7.27,2069773.0,119418.0,59038.0,1891318.0,107517,124496,575079.0,2538.0,1081688.0,2.59,2.78,2.64,5.15,3.05,3.05,8.49,4.88,15.13,8.52,3.6,3.54,2465064.0,1066571.0,359851.0,911084.0,127559.0,222160.0,59285.0,21235.0,2162384,106909,2055476.0,8922097.0,7588106.0,4342905.0,3245201.0,263910.0,129567.0,-134343.0
2012-08-01,8.71,13.52,7.99,9.37,7.12,7.14,8.7,9.02,16.01,11.6,10.34,11.91,49.81,7.35,11.8,8.85,8.76,11.83,9.6,7.83,10.44,11.23,8.91,10.6,6.96,6.73,12.91,9.4,6.19,7.96,13.3,9.07,6.99,6.5,8.45,6.94,14.43,14.65,9.44,11.99,16.56,8.14,7.33,9.14,6.89,7.43,12.58,9.61,10.86,11.44,7.06,7.4,2008815.0,118830.0,57210.0,1832775.0,105604,133475,587219.0,2538.0,1003938.0,2.86,2.83,2.74,4.02,3.35,3.14,15.15,5.13,15.82,8.71,3.83,3.61,2373954.0,1051540.0,276742.0,918391.0,127280.0,144521.0,60279.0,17412.0,2151742,106383,2045359.0,8940010.0,7753994.0,4347859.0,3406134.0,299798.0,133919.0,-165879.0
2012-09-01,8.35,13.17,7.91,9.26,6.86,6.77,8.43,9.48,16.45,11.02,10.08,10.97,50.58,7.4,10.03,7.53,7.44,11.94,9.15,7.64,9.91,11.29,9.02,9.6,5.91,6.64,11.7,9.67,6.2,7.87,12.58,8.35,7.32,6.39,8.52,6.7,12.79,14.36,9.67,11.57,14.04,7.17,6.73,8.68,6.87,7.33,12.38,9.04,11.16,10.69,6.64,7.16,1807208.0,115658.0,51204.0,1640347.0,118611,141657,575034.0,2457.0,802588.0,2.71,2.67,2.65,3.17,3.0,3.0,8.4,4.76,14.72,8.35,3.56,3.54,2410375.0,1020391.0,380236.0,886755.0,122992.0,237976.0,60270.0,17840.0,2094289,103542,1990747.0,8979317.0,8044851.0,4351797.0,3693053.0,357109.0,66652.0,-290456.0
2012-10-01,8.07,12.86,7.87,9.02,6.55,6.82,7.98,9.09,15.12,10.48,10.21,10.81,46.61,7.08,8.29,6.46,6.2,10.71,7.84,7.88,9.35,10.21,9.57,8.39,5.75,7.07,10.49,7.73,5.8,7.44,10.89,8.6,6.97,7.61,8.3,5.47,8.83,12.86,9.22,10.13,12.7,8.21,6.19,8.68,6.99,7.33,11.75,7.88,10.23,9.73,5.99,6.31,1901084.0,119771.0,53921.0,1727393.0,240105,212768,602786.0,2538.0,669195.0,3.03,3.16,3.16,3.18,3.71,3.46,11.57,4.65,11.68,8.07,3.94,4.0,2557140.0,1029999.0,455053.0,944911.0,127177.0,295660.0,74527.0,18179.0,2168774,107225,2061550.0,8991571.0,8294299.0,4365049.0,3929250.0,327767.0,85918.0,-241849.0
2012-11-01,7.99,12.44,7.79,8.89,7.42,7.45,7.68,9.07,12.58,10.63,10.21,8.78,43.39,7.0,7.5,6.43,7.52,8.84,7.3,8.36,11.4,8.4,11.24,7.93,6.37,7.29,9.57,7.58,5.94,6.52,10.59,9.78,6.65,7.72,8.67,5.81,7.27,9.82,8.34,9.29,11.15,8.86,6.47,8.05,6.89,7.09,11.56,7.66,9.55,8.41,7.45,6.19,2167841.0,116074.0,62107.0,1989660.0,482134,308076,617247.0,2457.0,579745.0,3.35,4.03,3.83,7.21,3.96,3.96,8.86,4.79,9.99,7.99,4.46,4.43,2471365.0,988465.0,453696.0,907216.0,121989.0,293388.0,60274.0,15870.0,2101833,103915,1997917.0,8990535.0,8171574.0,4372359.0,3799215.0,155554.0,280933.0,125379.0
2012-12-01,8.18,12.26,8.4,8.88,7.85,8.05,7.09,7.97,11.39,11.18,10.02,8.77,43.77,7.0,7.27,7.28,7.07,8.43,7.51,8.8,13.67,9.32,11.18,7.78,6.57,7.8,8.75,7.62,6.52,6.26,10.84,9.86,6.56,8.64,8.68,6.15,7.74,7.68,8.34,9.5,9.93,9.87,6.46,8.1,7.1,7.05,11.39,8.63,8.88,8.24,7.65,6.23,2503907.0,118880.0,72195.0,2312832.0,670344,390835,649613.0,2538.0,599502.0,3.35,3.93,3.84,5.22,4.15,3.88,11.76,4.79,9.8,8.18,4.73,4.35,2523763.0,993671.0,480248.0,928226.0,121618.0,281394.0,72227.0,17503.0,2152640,106427,2046213.0,8992535.0,7785322.0,4372412.0,3412910.0,104953.0,489707.0,384754.0
